system:index,accuracy,cost,kernelType,.geo
0,0.939150401836969,0.1,LINEAR,"{""type"":""MultiPoint"",""coordinates"":[]}"
1,0.9437428243398392,0.2,LINEAR,"{""type"":""MultiPoint"",""coordinates"":[]}"
2,0.947187141216992,0.30000000000000004,LINEAR,"{""type"":""MultiPoint"",""coordinates"":[]}"
3,0.9517795637198623,0.4,LINEAR,"{""type"":""MultiPoint"",""coordinates"":[]}"
4,0.9517795637198623,0.5,LINEAR,"{""type"":""MultiPoint"",""coordinates"":[]}"
5,0.9540757749712974,0.6,LINEAR,"{""type"":""MultiPoint"",""coordinates"":[]}"
6,0.9575200918484501,0.7000000000000001,LINEAR,"{""type"":""MultiPoint"",""coordinates"":[]}"
7,0.9575200918484501,0.8,LINEAR,"{""type"":""MultiPoint"",""coordinates"":[]}"
8,0.9586681974741676,0.9,LINEAR,"{""type"":""MultiPoint"",""coordinates"":[]}"
9,0.9609644087256027,1.0,LINEAR,"{""type"":""MultiPoint"",""coordinates"":[]}"
10,0.9609644087256027,1.1,LINEAR,"{""type"":""MultiPoint"",""coordinates"":[]}"
11,0.9609644087256027,1.2000000000000002,LINEAR,"{""type"":""MultiPoint"",""coordinates"":[]}"
12,0.9621125143513203,1.3000000000000003,LINEAR,"{""type"":""MultiPoint"",""coordinates"":[]}"
13,0.9621125143513203,1.4000000000000001,LINEAR,"{""type"":""MultiPoint"",""coordinates"":[]}"
14,0.9621125143513203,1.5000000000000002,LINEAR,"{""type"":""MultiPoint"",""coordinates"":[]}"
15,0.9621125143513203,1.6,LINEAR,"{""type"":""MultiPoint"",""coordinates"":[]}"
16,0.9621125143513203,1.7000000000000002,LINEAR,"{""type"":""MultiPoint"",""coordinates"":[]}"
17,0.9621125143513203,1.8000000000000003,LINEAR,"{""type"":""MultiPoint"",""coordinates"":[]}"
18,0.9632606199770379,1.9000000000000001,LINEAR,"{""type"":""MultiPoint"",""coordinates"":[]}"
19,0.9621125143513203,2.0,LINEAR,"{""type"":""MultiPoint"",""coordinates"":[]}"
20,0.9632606199770379,2.1,LINEAR,"{""type"":""MultiPoint"",""coordinates"":[]}"
21,0.9632606199770379,2.2,LINEAR,"{""type"":""MultiPoint"",""coordinates"":[]}"
22,0.9632606199770379,2.3000000000000003,LINEAR,"{""type"":""MultiPoint"",""coordinates"":[]}"
23,0.9632606199770379,2.4000000000000004,LINEAR,"{""type"":""MultiPoint"",""coordinates"":[]}"
24,0.9632606199770379,2.5000000000000004,LINEAR,"{""type"":""MultiPoint"",""coordinates"":[]}"
25,0.9632606199770379,2.6,LINEAR,"{""type"":""MultiPoint"",""coordinates"":[]}"
26,0.9632606199770379,2.7,LINEAR,"{""type"":""MultiPoint"",""coordinates"":[]}"
27,0.9644087256027555,2.8000000000000003,LINEAR,"{""type"":""MultiPoint"",""coordinates"":[]}"
28,0.9644087256027555,2.9000000000000004,LINEAR,"{""type"":""MultiPoint"",""coordinates"":[]}"
29,0.965556831228473,3.0000000000000004,LINEAR,"{""type"":""MultiPoint"",""coordinates"":[]}"
30,0.9678530424799081,3.1,LINEAR,"{""type"":""MultiPoint"",""coordinates"":[]}"
31,0.9678530424799081,3.2,LINEAR,"{""type"":""MultiPoint"",""coordinates"":[]}"
32,0.9678530424799081,3.3000000000000003,LINEAR,"{""type"":""MultiPoint"",""coordinates"":[]}"
33,0.9678530424799081,3.4000000000000004,LINEAR,"{""type"":""MultiPoint"",""coordinates"":[]}"
34,0.9678530424799081,3.5000000000000004,LINEAR,"{""type"":""MultiPoint"",""coordinates"":[]}"
35,0.9690011481056258,3.6,LINEAR,"{""type"":""MultiPoint"",""coordinates"":[]}"
36,0.9690011481056258,3.7,LINEAR,"{""type"":""MultiPoint"",""coordinates"":[]}"
37,0.9690011481056258,3.8000000000000003,LINEAR,"{""type"":""MultiPoint"",""coordinates"":[]}"
38,0.9690011481056258,3.9000000000000004,LINEAR,"{""type"":""MultiPoint"",""coordinates"":[]}"
39,0.9701492537313433,4.0,LINEAR,"{""type"":""MultiPoint"",""coordinates"":[]}"
40,0.9701492537313433,4.1,LINEAR,"{""type"":""MultiPoint"",""coordinates"":[]}"
41,0.9701492537313433,4.2,LINEAR,"{""type"":""MultiPoint"",""coordinates"":[]}"
42,0.9701492537313433,4.3,LINEAR,"{""type"":""MultiPoint"",""coordinates"":[]}"
43,0.9701492537313433,4.3999999999999995,LINEAR,"{""type"":""MultiPoint"",""coordinates"":[]}"
44,0.9701492537313433,4.5,LINEAR,"{""type"":""MultiPoint"",""coordinates"":[]}"
45,0.9701492537313433,4.6,LINEAR,"{""type"":""MultiPoint"",""coordinates"":[]}"
46,0.9701492537313433,4.7,LINEAR,"{""type"":""MultiPoint"",""coordinates"":[]}"
47,0.9701492537313433,4.8,LINEAR,"{""type"":""MultiPoint"",""coordinates"":[]}"
48,0.9701492537313433,4.9,LINEAR,"{""type"":""MultiPoint"",""coordinates"":[]}"
49,0.9701492537313433,5.0,LINEAR,"{""type"":""MultiPoint"",""coordinates"":[]}"
50,0.9701492537313433,5.1,LINEAR,"{""type"":""MultiPoint"",""coordinates"":[]}"
51,0.9701492537313433,5.2,LINEAR,"{""type"":""MultiPoint"",""coordinates"":[]}"
52,0.9701492537313433,5.3,LINEAR,"{""type"":""MultiPoint"",""coordinates"":[]}"
53,0.9701492537313433,5.4,LINEAR,"{""type"":""MultiPoint"",""coordinates"":[]}"
54,0.9701492537313433,5.5,LINEAR,"{""type"":""MultiPoint"",""coordinates"":[]}"
55,0.9701492537313433,5.6,LINEAR,"{""type"":""MultiPoint"",""coordinates"":[]}"
56,0.9701492537313433,5.7,LINEAR,"{""type"":""MultiPoint"",""coordinates"":[]}"
57,0.9701492537313433,5.8,LINEAR,"{""type"":""MultiPoint"",""coordinates"":[]}"
58,0.9701492537313433,5.9,LINEAR,"{""type"":""MultiPoint"",""coordinates"":[]}"
59,0.9701492537313433,6.0,LINEAR,"{""type"":""MultiPoint"",""coordinates"":[]}"
60,0.9701492537313433,6.1,LINEAR,"{""type"":""MultiPoint"",""coordinates"":[]}"
61,0.9701492537313433,6.2,LINEAR,"{""type"":""MultiPoint"",""coordinates"":[]}"
62,0.9701492537313433,6.3,LINEAR,"{""type"":""MultiPoint"",""coordinates"":[]}"
63,0.9712973593570609,6.4,LINEAR,"{""type"":""MultiPoint"",""coordinates"":[]}"
64,0.9712973593570609,6.5,LINEAR,"{""type"":""MultiPoint"",""coordinates"":[]}"
65,0.9712973593570609,6.6,LINEAR,"{""type"":""MultiPoint"",""coordinates"":[]}"
66,0.9724454649827784,6.7,LINEAR,"{""type"":""MultiPoint"",""coordinates"":[]}"
67,0.9724454649827784,6.8,LINEAR,"{""type"":""MultiPoint"",""coordinates"":[]}"
68,0.9724454649827784,6.9,LINEAR,"{""type"":""MultiPoint"",""coordinates"":[]}"
69,0.9724454649827784,7.0,LINEAR,"{""type"":""MultiPoint"",""coordinates"":[]}"
70,0.9724454649827784,7.1,LINEAR,"{""type"":""MultiPoint"",""coordinates"":[]}"
71,0.9724454649827784,7.2,LINEAR,"{""type"":""MultiPoint"",""coordinates"":[]}"
72,0.9724454649827784,7.3,LINEAR,"{""type"":""MultiPoint"",""coordinates"":[]}"
73,0.9724454649827784,7.4,LINEAR,"{""type"":""MultiPoint"",""coordinates"":[]}"
74,0.9724454649827784,7.5,LINEAR,"{""type"":""MultiPoint"",""coordinates"":[]}"
75,0.9724454649827784,7.6,LINEAR,"{""type"":""MultiPoint"",""coordinates"":[]}"
76,0.9724454649827784,7.7,LINEAR,"{""type"":""MultiPoint"",""coordinates"":[]}"
77,0.9724454649827784,7.8,LINEAR,"{""type"":""MultiPoint"",""coordinates"":[]}"
78,0.9724454649827784,7.9,LINEAR,"{""type"":""MultiPoint"",""coordinates"":[]}"
79,0.9724454649827784,8.0,LINEAR,"{""type"":""MultiPoint"",""coordinates"":[]}"
80,0.9724454649827784,8.1,LINEAR,"{""type"":""MultiPoint"",""coordinates"":[]}"
81,0.9724454649827784,8.2,LINEAR,"{""type"":""MultiPoint"",""coordinates"":[]}"
82,0.9724454649827784,8.3,LINEAR,"{""type"":""MultiPoint"",""coordinates"":[]}"
83,0.9735935706084959,8.4,LINEAR,"{""type"":""MultiPoint"",""coordinates"":[]}"
84,0.9735935706084959,8.5,LINEAR,"{""type"":""MultiPoint"",""coordinates"":[]}"
85,0.9735935706084959,8.6,LINEAR,"{""type"":""MultiPoint"",""coordinates"":[]}"
86,0.9735935706084959,8.7,LINEAR,"{""type"":""MultiPoint"",""coordinates"":[]}"
87,0.9735935706084959,8.8,LINEAR,"{""type"":""MultiPoint"",""coordinates"":[]}"
88,0.9735935706084959,8.9,LINEAR,"{""type"":""MultiPoint"",""coordinates"":[]}"
89,0.9735935706084959,9.0,LINEAR,"{""type"":""MultiPoint"",""coordinates"":[]}"
90,0.9735935706084959,9.1,LINEAR,"{""type"":""MultiPoint"",""coordinates"":[]}"
91,0.9735935706084959,9.2,LINEAR,"{""type"":""MultiPoint"",""coordinates"":[]}"
92,0.9724454649827784,9.3,LINEAR,"{""type"":""MultiPoint"",""coordinates"":[]}"
93,0.9724454649827784,9.4,LINEAR,"{""type"":""MultiPoint"",""coordinates"":[]}"
94,0.9724454649827784,9.5,LINEAR,"{""type"":""MultiPoint"",""coordinates"":[]}"
95,0.9724454649827784,9.6,LINEAR,"{""type"":""MultiPoint"",""coordinates"":[]}"
96,0.9724454649827784,9.700000000000001,LINEAR,"{""type"":""MultiPoint"",""coordinates"":[]}"
97,0.9735935706084959,9.8,LINEAR,"{""type"":""MultiPoint"",""coordinates"":[]}"
98,0.9735935706084959,9.9,LINEAR,"{""type"":""MultiPoint"",""coordinates"":[]}"
99,0.9735935706084959,10.0,LINEAR,"{""type"":""MultiPoint"",""coordinates"":[]}"
100,0.24110218140068887,0.1,POLY,"{""type"":""MultiPoint"",""coordinates"":[]}"
101,0.24110218140068887,0.2,POLY,"{""type"":""MultiPoint"",""coordinates"":[]}"
102,0.24110218140068887,0.30000000000000004,POLY,"{""type"":""MultiPoint"",""coordinates"":[]}"
103,0.24110218140068887,0.4,POLY,"{""type"":""MultiPoint"",""coordinates"":[]}"
104,0.24110218140068887,0.5,POLY,"{""type"":""MultiPoint"",""coordinates"":[]}"
105,0.24110218140068887,0.6,POLY,"{""type"":""MultiPoint"",""coordinates"":[]}"
106,0.24110218140068887,0.7000000000000001,POLY,"{""type"":""MultiPoint"",""coordinates"":[]}"
107,0.24110218140068887,0.8,POLY,"{""type"":""MultiPoint"",""coordinates"":[]}"
108,0.24110218140068887,0.9,POLY,"{""type"":""MultiPoint"",""coordinates"":[]}"
109,0.24110218140068887,1.0,POLY,"{""type"":""MultiPoint"",""coordinates"":[]}"
110,0.24110218140068887,1.1,POLY,"{""type"":""MultiPoint"",""coordinates"":[]}"
111,0.24110218140068887,1.2000000000000002,POLY,"{""type"":""MultiPoint"",""coordinates"":[]}"
112,0.24110218140068887,1.3000000000000003,POLY,"{""type"":""MultiPoint"",""coordinates"":[]}"
113,0.24110218140068887,1.4000000000000001,POLY,"{""type"":""MultiPoint"",""coordinates"":[]}"
114,0.24110218140068887,1.5000000000000002,POLY,"{""type"":""MultiPoint"",""coordinates"":[]}"
115,0.24110218140068887,1.6,POLY,"{""type"":""MultiPoint"",""coordinates"":[]}"
116,0.24110218140068887,1.7000000000000002,POLY,"{""type"":""MultiPoint"",""coordinates"":[]}"
117,0.24110218140068887,1.8000000000000003,POLY,"{""type"":""MultiPoint"",""coordinates"":[]}"
118,0.24110218140068887,1.9000000000000001,POLY,"{""type"":""MultiPoint"",""coordinates"":[]}"
119,0.24110218140068887,2.0,POLY,"{""type"":""MultiPoint"",""coordinates"":[]}"
120,0.24110218140068887,2.1,POLY,"{""type"":""MultiPoint"",""coordinates"":[]}"
121,0.24110218140068887,2.2,POLY,"{""type"":""MultiPoint"",""coordinates"":[]}"
122,0.24110218140068887,2.3000000000000003,POLY,"{""type"":""MultiPoint"",""coordinates"":[]}"
123,0.24110218140068887,2.4000000000000004,POLY,"{""type"":""MultiPoint"",""coordinates"":[]}"
124,0.24110218140068887,2.5000000000000004,POLY,"{""type"":""MultiPoint"",""coordinates"":[]}"
125,0.24110218140068887,2.6,POLY,"{""type"":""MultiPoint"",""coordinates"":[]}"
126,0.24110218140068887,2.7,POLY,"{""type"":""MultiPoint"",""coordinates"":[]}"
127,0.24110218140068887,2.8000000000000003,POLY,"{""type"":""MultiPoint"",""coordinates"":[]}"
128,0.24110218140068887,2.9000000000000004,POLY,"{""type"":""MultiPoint"",""coordinates"":[]}"
129,0.24110218140068887,3.0000000000000004,POLY,"{""type"":""MultiPoint"",""coordinates"":[]}"
130,0.24110218140068887,3.1,POLY,"{""type"":""MultiPoint"",""coordinates"":[]}"
131,0.24110218140068887,3.2,POLY,"{""type"":""MultiPoint"",""coordinates"":[]}"
132,0.24110218140068887,3.3000000000000003,POLY,"{""type"":""MultiPoint"",""coordinates"":[]}"
133,0.24110218140068887,3.4000000000000004,POLY,"{""type"":""MultiPoint"",""coordinates"":[]}"
134,0.24110218140068887,3.5000000000000004,POLY,"{""type"":""MultiPoint"",""coordinates"":[]}"
135,0.24110218140068887,3.6,POLY,"{""type"":""MultiPoint"",""coordinates"":[]}"
136,0.24110218140068887,3.7,POLY,"{""type"":""MultiPoint"",""coordinates"":[]}"
137,0.24110218140068887,3.8000000000000003,POLY,"{""type"":""MultiPoint"",""coordinates"":[]}"
138,0.24110218140068887,3.9000000000000004,POLY,"{""type"":""MultiPoint"",""coordinates"":[]}"
139,0.24110218140068887,4.0,POLY,"{""type"":""MultiPoint"",""coordinates"":[]}"
140,0.24110218140068887,4.1,POLY,"{""type"":""MultiPoint"",""coordinates"":[]}"
141,0.24110218140068887,4.2,POLY,"{""type"":""MultiPoint"",""coordinates"":[]}"
142,0.24110218140068887,4.3,POLY,"{""type"":""MultiPoint"",""coordinates"":[]}"
143,0.24110218140068887,4.3999999999999995,POLY,"{""type"":""MultiPoint"",""coordinates"":[]}"
144,0.24110218140068887,4.5,POLY,"{""type"":""MultiPoint"",""coordinates"":[]}"
145,0.24110218140068887,4.6,POLY,"{""type"":""MultiPoint"",""coordinates"":[]}"
146,0.24110218140068887,4.7,POLY,"{""type"":""MultiPoint"",""coordinates"":[]}"
147,0.24110218140068887,4.8,POLY,"{""type"":""MultiPoint"",""coordinates"":[]}"
148,0.24110218140068887,4.9,POLY,"{""type"":""MultiPoint"",""coordinates"":[]}"
149,0.24110218140068887,5.0,POLY,"{""type"":""MultiPoint"",""coordinates"":[]}"
150,0.24110218140068887,5.1,POLY,"{""type"":""MultiPoint"",""coordinates"":[]}"
151,0.24110218140068887,5.2,POLY,"{""type"":""MultiPoint"",""coordinates"":[]}"
152,0.24110218140068887,5.3,POLY,"{""type"":""MultiPoint"",""coordinates"":[]}"
153,0.24110218140068887,5.4,POLY,"{""type"":""MultiPoint"",""coordinates"":[]}"
154,0.24110218140068887,5.5,POLY,"{""type"":""MultiPoint"",""coordinates"":[]}"
155,0.24110218140068887,5.6,POLY,"{""type"":""MultiPoint"",""coordinates"":[]}"
156,0.24110218140068887,5.7,POLY,"{""type"":""MultiPoint"",""coordinates"":[]}"
157,0.24110218140068887,5.8,POLY,"{""type"":""MultiPoint"",""coordinates"":[]}"
158,0.24110218140068887,5.9,POLY,"{""type"":""MultiPoint"",""coordinates"":[]}"
159,0.24110218140068887,6.0,POLY,"{""type"":""MultiPoint"",""coordinates"":[]}"
160,0.24110218140068887,6.1,POLY,"{""type"":""MultiPoint"",""coordinates"":[]}"
161,0.24110218140068887,6.2,POLY,"{""type"":""MultiPoint"",""coordinates"":[]}"
162,0.24110218140068887,6.3,POLY,"{""type"":""MultiPoint"",""coordinates"":[]}"
163,0.24110218140068887,6.4,POLY,"{""type"":""MultiPoint"",""coordinates"":[]}"
164,0.24110218140068887,6.5,POLY,"{""type"":""MultiPoint"",""coordinates"":[]}"
165,0.24110218140068887,6.6,POLY,"{""type"":""MultiPoint"",""coordinates"":[]}"
166,0.24110218140068887,6.7,POLY,"{""type"":""MultiPoint"",""coordinates"":[]}"
167,0.24110218140068887,6.8,POLY,"{""type"":""MultiPoint"",""coordinates"":[]}"
168,0.24110218140068887,6.9,POLY,"{""type"":""MultiPoint"",""coordinates"":[]}"
169,0.24110218140068887,7.0,POLY,"{""type"":""MultiPoint"",""coordinates"":[]}"
170,0.24110218140068887,7.1,POLY,"{""type"":""MultiPoint"",""coordinates"":[]}"
171,0.24110218140068887,7.2,POLY,"{""type"":""MultiPoint"",""coordinates"":[]}"
172,0.24110218140068887,7.3,POLY,"{""type"":""MultiPoint"",""coordinates"":[]}"
173,0.24110218140068887,7.4,POLY,"{""type"":""MultiPoint"",""coordinates"":[]}"
174,0.24110218140068887,7.5,POLY,"{""type"":""MultiPoint"",""coordinates"":[]}"
175,0.24110218140068887,7.6,POLY,"{""type"":""MultiPoint"",""coordinates"":[]}"
176,0.24110218140068887,7.7,POLY,"{""type"":""MultiPoint"",""coordinates"":[]}"
177,0.24110218140068887,7.8,POLY,"{""type"":""MultiPoint"",""coordinates"":[]}"
178,0.24110218140068887,7.9,POLY,"{""type"":""MultiPoint"",""coordinates"":[]}"
179,0.24110218140068887,8.0,POLY,"{""type"":""MultiPoint"",""coordinates"":[]}"
180,0.24110218140068887,8.1,POLY,"{""type"":""MultiPoint"",""coordinates"":[]}"
181,0.24110218140068887,8.2,POLY,"{""type"":""MultiPoint"",""coordinates"":[]}"
182,0.24110218140068887,8.3,POLY,"{""type"":""MultiPoint"",""coordinates"":[]}"
183,0.24110218140068887,8.4,POLY,"{""type"":""MultiPoint"",""coordinates"":[]}"
184,0.24110218140068887,8.5,POLY,"{""type"":""MultiPoint"",""coordinates"":[]}"
185,0.24110218140068887,8.6,POLY,"{""type"":""MultiPoint"",""coordinates"":[]}"
186,0.24110218140068887,8.7,POLY,"{""type"":""MultiPoint"",""coordinates"":[]}"
187,0.24110218140068887,8.8,POLY,"{""type"":""MultiPoint"",""coordinates"":[]}"
188,0.24110218140068887,8.9,POLY,"{""type"":""MultiPoint"",""coordinates"":[]}"
189,0.24110218140068887,9.0,POLY,"{""type"":""MultiPoint"",""coordinates"":[]}"
190,0.24110218140068887,9.1,POLY,"{""type"":""MultiPoint"",""coordinates"":[]}"
191,0.24110218140068887,9.2,POLY,"{""type"":""MultiPoint"",""coordinates"":[]}"
192,0.24110218140068887,9.3,POLY,"{""type"":""MultiPoint"",""coordinates"":[]}"
193,0.24110218140068887,9.4,POLY,"{""type"":""MultiPoint"",""coordinates"":[]}"
194,0.24110218140068887,9.5,POLY,"{""type"":""MultiPoint"",""coordinates"":[]}"
195,0.24110218140068887,9.6,POLY,"{""type"":""MultiPoint"",""coordinates"":[]}"
196,0.24110218140068887,9.700000000000001,POLY,"{""type"":""MultiPoint"",""coordinates"":[]}"
197,0.24110218140068887,9.8,POLY,"{""type"":""MultiPoint"",""coordinates"":[]}"
198,0.24110218140068887,9.9,POLY,"{""type"":""MultiPoint"",""coordinates"":[]}"
199,0.24110218140068887,10.0,POLY,"{""type"":""MultiPoint"",""coordinates"":[]}"
200,0.24110218140068887,0.1,RBF,"{""type"":""MultiPoint"",""coordinates"":[]}"
201,0.24110218140068887,0.2,RBF,"{""type"":""MultiPoint"",""coordinates"":[]}"
202,0.24110218140068887,0.30000000000000004,RBF,"{""type"":""MultiPoint"",""coordinates"":[]}"
203,0.24110218140068887,0.4,RBF,"{""type"":""MultiPoint"",""coordinates"":[]}"
204,0.24110218140068887,0.5,RBF,"{""type"":""MultiPoint"",""coordinates"":[]}"
205,0.24110218140068887,0.6,RBF,"{""type"":""MultiPoint"",""coordinates"":[]}"
206,0.24110218140068887,0.7000000000000001,RBF,"{""type"":""MultiPoint"",""coordinates"":[]}"
207,0.24110218140068887,0.8,RBF,"{""type"":""MultiPoint"",""coordinates"":[]}"
208,0.24110218140068887,0.9,RBF,"{""type"":""MultiPoint"",""coordinates"":[]}"
209,0.24110218140068887,1.0,RBF,"{""type"":""MultiPoint"",""coordinates"":[]}"
210,0.24110218140068887,1.1,RBF,"{""type"":""MultiPoint"",""coordinates"":[]}"
211,0.24110218140068887,1.2000000000000002,RBF,"{""type"":""MultiPoint"",""coordinates"":[]}"
212,0.24110218140068887,1.3000000000000003,RBF,"{""type"":""MultiPoint"",""coordinates"":[]}"
213,0.24110218140068887,1.4000000000000001,RBF,"{""type"":""MultiPoint"",""coordinates"":[]}"
214,0.24339839265212398,1.5000000000000002,RBF,"{""type"":""MultiPoint"",""coordinates"":[]}"
215,0.27210103329506313,1.6,RBF,"{""type"":""MultiPoint"",""coordinates"":[]}"
216,0.2893226176808266,1.7000000000000002,RBF,"{""type"":""MultiPoint"",""coordinates"":[]}"
217,0.3111366245694604,1.8000000000000003,RBF,"{""type"":""MultiPoint"",""coordinates"":[]}"
218,0.3340987370838117,1.9000000000000001,RBF,"{""type"":""MultiPoint"",""coordinates"":[]}"
219,0.3547646383467279,2.0,RBF,"{""type"":""MultiPoint"",""coordinates"":[]}"
220,0.35706084959816303,2.1,RBF,"{""type"":""MultiPoint"",""coordinates"":[]}"
221,0.3616532721010333,2.2,RBF,"{""type"":""MultiPoint"",""coordinates"":[]}"
222,0.3685419058553387,2.3000000000000003,RBF,"{""type"":""MultiPoint"",""coordinates"":[]}"
223,0.3788748564867968,2.4000000000000004,RBF,"{""type"":""MultiPoint"",""coordinates"":[]}"
224,0.39035591274397247,2.5000000000000004,RBF,"{""type"":""MultiPoint"",""coordinates"":[]}"
225,0.41446613088404133,2.6,RBF,"{""type"":""MultiPoint"",""coordinates"":[]}"
226,0.43742824339839265,2.7,RBF,"{""type"":""MultiPoint"",""coordinates"":[]}"
227,0.46153846153846156,2.8000000000000003,RBF,"{""type"":""MultiPoint"",""coordinates"":[]}"
228,0.49138920780711826,2.9000000000000004,RBF,"{""type"":""MultiPoint"",""coordinates"":[]}"
229,0.5063145809414467,3.0000000000000004,RBF,"{""type"":""MultiPoint"",""coordinates"":[]}"
230,0.5177956371986223,3.1,RBF,"{""type"":""MultiPoint"",""coordinates"":[]}"
231,0.5327210103329506,3.2,RBF,"{""type"":""MultiPoint"",""coordinates"":[]}"
232,0.539609644087256,3.3000000000000003,RBF,"{""type"":""MultiPoint"",""coordinates"":[]}"
233,0.5499425947187141,3.4000000000000004,RBF,"{""type"":""MultiPoint"",""coordinates"":[]}"
234,0.5545350172215844,3.5000000000000004,RBF,"{""type"":""MultiPoint"",""coordinates"":[]}"
235,0.5579793340987371,3.6,RBF,"{""type"":""MultiPoint"",""coordinates"":[]}"
236,0.5602755453501722,3.7,RBF,"{""type"":""MultiPoint"",""coordinates"":[]}"
237,0.5591274397244547,3.8000000000000003,RBF,"{""type"":""MultiPoint"",""coordinates"":[]}"
238,0.5602755453501722,3.9000000000000004,RBF,"{""type"":""MultiPoint"",""coordinates"":[]}"
239,0.5614236509758898,4.0,RBF,"{""type"":""MultiPoint"",""coordinates"":[]}"
240,0.5602755453501722,4.1,RBF,"{""type"":""MultiPoint"",""coordinates"":[]}"
241,0.5625717566016073,4.2,RBF,"{""type"":""MultiPoint"",""coordinates"":[]}"
242,0.5625717566016073,4.3,RBF,"{""type"":""MultiPoint"",""coordinates"":[]}"
243,0.5648679678530425,4.3999999999999995,RBF,"{""type"":""MultiPoint"",""coordinates"":[]}"
244,0.563719862227325,4.5,RBF,"{""type"":""MultiPoint"",""coordinates"":[]}"
245,0.5591274397244547,4.6,RBF,"{""type"":""MultiPoint"",""coordinates"":[]}"
246,0.5499425947187141,4.7,RBF,"{""type"":""MultiPoint"",""coordinates"":[]}"
247,0.5510907003444316,4.8,RBF,"{""type"":""MultiPoint"",""coordinates"":[]}"
248,0.5522388059701493,4.9,RBF,"{""type"":""MultiPoint"",""coordinates"":[]}"
249,0.5522388059701493,5.0,RBF,"{""type"":""MultiPoint"",""coordinates"":[]}"
250,0.5533869115958668,5.1,RBF,"{""type"":""MultiPoint"",""coordinates"":[]}"
251,0.5533869115958668,5.2,RBF,"{""type"":""MultiPoint"",""coordinates"":[]}"
252,0.5545350172215844,5.3,RBF,"{""type"":""MultiPoint"",""coordinates"":[]}"
253,0.5533869115958668,5.4,RBF,"{""type"":""MultiPoint"",""coordinates"":[]}"
254,0.5625717566016073,5.5,RBF,"{""type"":""MultiPoint"",""coordinates"":[]}"
255,0.563719862227325,5.6,RBF,"{""type"":""MultiPoint"",""coordinates"":[]}"
256,0.5774971297359357,5.7,RBF,"{""type"":""MultiPoint"",""coordinates"":[]}"
257,0.5855338691159586,5.8,RBF,"{""type"":""MultiPoint"",""coordinates"":[]}"
258,0.5993111366245695,5.9,RBF,"{""type"":""MultiPoint"",""coordinates"":[]}"
259,0.6107921928817451,6.0,RBF,"{""type"":""MultiPoint"",""coordinates"":[]}"
260,0.6176808266360505,6.1,RBF,"{""type"":""MultiPoint"",""coordinates"":[]}"
261,0.6337543053960965,6.2,RBF,"{""type"":""MultiPoint"",""coordinates"":[]}"
262,0.6463834672789897,6.3,RBF,"{""type"":""MultiPoint"",""coordinates"":[]}"
263,0.6624569460390356,6.4,RBF,"{""type"":""MultiPoint"",""coordinates"":[]}"
264,0.6704936854190585,6.5,RBF,"{""type"":""MultiPoint"",""coordinates"":[]}"
265,0.6842709529276694,6.6,RBF,"{""type"":""MultiPoint"",""coordinates"":[]}"
266,0.6969001148105626,6.7,RBF,"{""type"":""MultiPoint"",""coordinates"":[]}"
267,0.7060849598163031,6.8,RBF,"{""type"":""MultiPoint"",""coordinates"":[]}"
268,0.7175660160734788,6.9,RBF,"{""type"":""MultiPoint"",""coordinates"":[]}"
269,0.7278989667049368,7.0,RBF,"{""type"":""MultiPoint"",""coordinates"":[]}"
270,0.7382319173363949,7.1,RBF,"{""type"":""MultiPoint"",""coordinates"":[]}"
271,0.7474167623421355,7.2,RBF,"{""type"":""MultiPoint"",""coordinates"":[]}"
272,0.7520091848450058,7.3,RBF,"{""type"":""MultiPoint"",""coordinates"":[]}"
273,0.7577497129735936,7.4,RBF,"{""type"":""MultiPoint"",""coordinates"":[]}"
274,0.7588978185993112,7.5,RBF,"{""type"":""MultiPoint"",""coordinates"":[]}"
275,0.7611940298507462,7.6,RBF,"{""type"":""MultiPoint"",""coordinates"":[]}"
276,0.7657864523536165,7.7,RBF,"{""type"":""MultiPoint"",""coordinates"":[]}"
277,0.7669345579793341,7.8,RBF,"{""type"":""MultiPoint"",""coordinates"":[]}"
278,0.7680826636050516,7.9,RBF,"{""type"":""MultiPoint"",""coordinates"":[]}"
279,0.7657864523536165,8.0,RBF,"{""type"":""MultiPoint"",""coordinates"":[]}"
280,0.7657864523536165,8.1,RBF,"{""type"":""MultiPoint"",""coordinates"":[]}"
281,0.764638346727899,8.2,RBF,"{""type"":""MultiPoint"",""coordinates"":[]}"
282,0.764638346727899,8.3,RBF,"{""type"":""MultiPoint"",""coordinates"":[]}"
283,0.764638346727899,8.4,RBF,"{""type"":""MultiPoint"",""coordinates"":[]}"
284,0.764638346727899,8.5,RBF,"{""type"":""MultiPoint"",""coordinates"":[]}"
285,0.764638346727899,8.6,RBF,"{""type"":""MultiPoint"",""coordinates"":[]}"
286,0.764638346727899,8.7,RBF,"{""type"":""MultiPoint"",""coordinates"":[]}"
287,0.7634902411021814,8.8,RBF,"{""type"":""MultiPoint"",""coordinates"":[]}"
288,0.7634902411021814,8.9,RBF,"{""type"":""MultiPoint"",""coordinates"":[]}"
289,0.7634902411021814,9.0,RBF,"{""type"":""MultiPoint"",""coordinates"":[]}"
290,0.7634902411021814,9.1,RBF,"{""type"":""MultiPoint"",""coordinates"":[]}"
291,0.7634902411021814,9.2,RBF,"{""type"":""MultiPoint"",""coordinates"":[]}"
292,0.7634902411021814,9.3,RBF,"{""type"":""MultiPoint"",""coordinates"":[]}"
293,0.7634902411021814,9.4,RBF,"{""type"":""MultiPoint"",""coordinates"":[]}"
294,0.7634902411021814,9.5,RBF,"{""type"":""MultiPoint"",""coordinates"":[]}"
295,0.7634902411021814,9.6,RBF,"{""type"":""MultiPoint"",""coordinates"":[]}"
296,0.7634902411021814,9.700000000000001,RBF,"{""type"":""MultiPoint"",""coordinates"":[]}"
297,0.7634902411021814,9.8,RBF,"{""type"":""MultiPoint"",""coordinates"":[]}"
298,0.7623421354764638,9.9,RBF,"{""type"":""MultiPoint"",""coordinates"":[]}"
299,0.7623421354764638,10.0,RBF,"{""type"":""MultiPoint"",""coordinates"":[]}"
300,0.24110218140068887,0.1,SIGMOID,"{""type"":""MultiPoint"",""coordinates"":[]}"
301,0.24110218140068887,0.2,SIGMOID,"{""type"":""MultiPoint"",""coordinates"":[]}"
302,0.24110218140068887,0.30000000000000004,SIGMOID,"{""type"":""MultiPoint"",""coordinates"":[]}"
303,0.24110218140068887,0.4,SIGMOID,"{""type"":""MultiPoint"",""coordinates"":[]}"
304,0.24110218140068887,0.5,SIGMOID,"{""type"":""MultiPoint"",""coordinates"":[]}"
305,0.24110218140068887,0.6,SIGMOID,"{""type"":""MultiPoint"",""coordinates"":[]}"
306,0.24110218140068887,0.7000000000000001,SIGMOID,"{""type"":""MultiPoint"",""coordinates"":[]}"
307,0.24110218140068887,0.8,SIGMOID,"{""type"":""MultiPoint"",""coordinates"":[]}"
308,0.24110218140068887,0.9,SIGMOID,"{""type"":""MultiPoint"",""coordinates"":[]}"
309,0.24110218140068887,1.0,SIGMOID,"{""type"":""MultiPoint"",""coordinates"":[]}"
310,0.24110218140068887,1.1,SIGMOID,"{""type"":""MultiPoint"",""coordinates"":[]}"
311,0.24110218140068887,1.2000000000000002,SIGMOID,"{""type"":""MultiPoint"",""coordinates"":[]}"
312,0.24110218140068887,1.3000000000000003,SIGMOID,"{""type"":""MultiPoint"",""coordinates"":[]}"
313,0.24110218140068887,1.4000000000000001,SIGMOID,"{""type"":""MultiPoint"",""coordinates"":[]}"
314,0.24110218140068887,1.5000000000000002,SIGMOID,"{""type"":""MultiPoint"",""coordinates"":[]}"
315,0.24110218140068887,1.6,SIGMOID,"{""type"":""MultiPoint"",""coordinates"":[]}"
316,0.24110218140068887,1.7000000000000002,SIGMOID,"{""type"":""MultiPoint"",""coordinates"":[]}"
317,0.24110218140068887,1.8000000000000003,SIGMOID,"{""type"":""MultiPoint"",""coordinates"":[]}"
318,0.24110218140068887,1.9000000000000001,SIGMOID,"{""type"":""MultiPoint"",""coordinates"":[]}"
319,0.24110218140068887,2.0,SIGMOID,"{""type"":""MultiPoint"",""coordinates"":[]}"
320,0.24110218140068887,2.1,SIGMOID,"{""type"":""MultiPoint"",""coordinates"":[]}"
321,0.24110218140068887,2.2,SIGMOID,"{""type"":""MultiPoint"",""coordinates"":[]}"
322,0.24110218140068887,2.3000000000000003,SIGMOID,"{""type"":""MultiPoint"",""coordinates"":[]}"
323,0.24110218140068887,2.4000000000000004,SIGMOID,"{""type"":""MultiPoint"",""coordinates"":[]}"
324,0.24110218140068887,2.5000000000000004,SIGMOID,"{""type"":""MultiPoint"",""coordinates"":[]}"
325,0.24110218140068887,2.6,SIGMOID,"{""type"":""MultiPoint"",""coordinates"":[]}"
326,0.24110218140068887,2.7,SIGMOID,"{""type"":""MultiPoint"",""coordinates"":[]}"
327,0.24110218140068887,2.8000000000000003,SIGMOID,"{""type"":""MultiPoint"",""coordinates"":[]}"
328,0.24110218140068887,2.9000000000000004,SIGMOID,"{""type"":""MultiPoint"",""coordinates"":[]}"
329,0.24339839265212398,3.0000000000000004,SIGMOID,"{""type"":""MultiPoint"",""coordinates"":[]}"
330,0.2617680826636051,3.1,SIGMOID,"{""type"":""MultiPoint"",""coordinates"":[]}"
331,0.27210103329506313,3.2,SIGMOID,"{""type"":""MultiPoint"",""coordinates"":[]}"
332,0.27784156142365096,3.3000000000000003,SIGMOID,"{""type"":""MultiPoint"",""coordinates"":[]}"
333,0.2904707233065442,3.4000000000000004,SIGMOID,"{""type"":""MultiPoint"",""coordinates"":[]}"
334,0.3008036739380023,3.5000000000000004,SIGMOID,"{""type"":""MultiPoint"",""coordinates"":[]}"
335,0.3111366245694604,3.6,SIGMOID,"{""type"":""MultiPoint"",""coordinates"":[]}"
336,0.32261768082663606,3.7,SIGMOID,"{""type"":""MultiPoint"",""coordinates"":[]}"
337,0.3340987370838117,3.8000000000000003,SIGMOID,"{""type"":""MultiPoint"",""coordinates"":[]}"
338,0.3421354764638347,3.9000000000000004,SIGMOID,"{""type"":""MultiPoint"",""coordinates"":[]}"
339,0.3547646383467279,4.0,SIGMOID,"{""type"":""MultiPoint"",""coordinates"":[]}"
340,0.35706084959816303,4.1,SIGMOID,"{""type"":""MultiPoint"",""coordinates"":[]}"
341,0.35706084959816303,4.2,SIGMOID,"{""type"":""MultiPoint"",""coordinates"":[]}"
342,0.3582089552238806,4.3,SIGMOID,"{""type"":""MultiPoint"",""coordinates"":[]}"
343,0.3616532721010333,4.3999999999999995,SIGMOID,"{""type"":""MultiPoint"",""coordinates"":[]}"
344,0.3639494833524684,4.5,SIGMOID,"{""type"":""MultiPoint"",""coordinates"":[]}"
345,0.3685419058553387,4.6,SIGMOID,"{""type"":""MultiPoint"",""coordinates"":[]}"
346,0.3742824339839265,4.7,SIGMOID,"{""type"":""MultiPoint"",""coordinates"":[]}"
347,0.3788748564867968,4.8,SIGMOID,"{""type"":""MultiPoint"",""coordinates"":[]}"
348,0.38461538461538464,4.9,SIGMOID,"{""type"":""MultiPoint"",""coordinates"":[]}"
349,0.39035591274397247,5.0,SIGMOID,"{""type"":""MultiPoint"",""coordinates"":[]}"
350,0.39724454649827784,5.1,SIGMOID,"{""type"":""MultiPoint"",""coordinates"":[]}"
351,0.41446613088404133,5.2,SIGMOID,"{""type"":""MultiPoint"",""coordinates"":[]}"
352,0.4305396096440873,5.3,SIGMOID,"{""type"":""MultiPoint"",""coordinates"":[]}"
353,0.43742824339839265,5.4,SIGMOID,"{""type"":""MultiPoint"",""coordinates"":[]}"
354,0.452353616532721,5.5,SIGMOID,"{""type"":""MultiPoint"",""coordinates"":[]}"
355,0.46153846153846156,5.6,SIGMOID,"{""type"":""MultiPoint"",""coordinates"":[]}"
356,0.4753157290470723,5.7,SIGMOID,"{""type"":""MultiPoint"",""coordinates"":[]}"
357,0.49138920780711826,5.8,SIGMOID,"{""type"":""MultiPoint"",""coordinates"":[]}"
358,0.5028702640642939,5.9,SIGMOID,"{""type"":""MultiPoint"",""coordinates"":[]}"
359,0.5063145809414467,6.0,SIGMOID,"{""type"":""MultiPoint"",""coordinates"":[]}"
360,0.5166475315729047,6.1,SIGMOID,"{""type"":""MultiPoint"",""coordinates"":[]}"
361,0.5166475315729047,6.2,SIGMOID,"{""type"":""MultiPoint"",""coordinates"":[]}"
362,0.5246842709529277,6.3,SIGMOID,"{""type"":""MultiPoint"",""coordinates"":[]}"
363,0.5327210103329506,6.4,SIGMOID,"{""type"":""MultiPoint"",""coordinates"":[]}"
364,0.5373134328358209,6.5,SIGMOID,"{""type"":""MultiPoint"",""coordinates"":[]}"
365,0.539609644087256,6.6,SIGMOID,"{""type"":""MultiPoint"",""coordinates"":[]}"
366,0.5453501722158438,6.7,SIGMOID,"{""type"":""MultiPoint"",""coordinates"":[]}"
367,0.5499425947187141,6.8,SIGMOID,"{""type"":""MultiPoint"",""coordinates"":[]}"
368,0.5545350172215844,6.9,SIGMOID,"{""type"":""MultiPoint"",""coordinates"":[]}"
369,0.5545350172215844,7.0,SIGMOID,"{""type"":""MultiPoint"",""coordinates"":[]}"
370,0.5545350172215844,7.1,SIGMOID,"{""type"":""MultiPoint"",""coordinates"":[]}"
371,0.5579793340987371,7.2,SIGMOID,"{""type"":""MultiPoint"",""coordinates"":[]}"
372,0.5591274397244547,7.3,SIGMOID,"{""type"":""MultiPoint"",""coordinates"":[]}"
373,0.5602755453501722,7.4,SIGMOID,"{""type"":""MultiPoint"",""coordinates"":[]}"
374,0.5579793340987371,7.5,SIGMOID,"{""type"":""MultiPoint"",""coordinates"":[]}"
375,0.5591274397244547,7.6,SIGMOID,"{""type"":""MultiPoint"",""coordinates"":[]}"
376,0.5591274397244547,7.7,SIGMOID,"{""type"":""MultiPoint"",""coordinates"":[]}"
377,0.5602755453501722,7.8,SIGMOID,"{""type"":""MultiPoint"",""coordinates"":[]}"
378,0.5602755453501722,7.9,SIGMOID,"{""type"":""MultiPoint"",""coordinates"":[]}"
379,0.5614236509758898,8.0,SIGMOID,"{""type"":""MultiPoint"",""coordinates"":[]}"
380,0.5614236509758898,8.1,SIGMOID,"{""type"":""MultiPoint"",""coordinates"":[]}"
381,0.5602755453501722,8.2,SIGMOID,"{""type"":""MultiPoint"",""coordinates"":[]}"
382,0.5625717566016073,8.3,SIGMOID,"{""type"":""MultiPoint"",""coordinates"":[]}"
383,0.5625717566016073,8.4,SIGMOID,"{""type"":""MultiPoint"",""coordinates"":[]}"
384,0.5614236509758898,8.5,SIGMOID,"{""type"":""MultiPoint"",""coordinates"":[]}"
385,0.5625717566016073,8.6,SIGMOID,"{""type"":""MultiPoint"",""coordinates"":[]}"
386,0.5625717566016073,8.7,SIGMOID,"{""type"":""MultiPoint"",""coordinates"":[]}"
387,0.5648679678530425,8.8,SIGMOID,"{""type"":""MultiPoint"",""coordinates"":[]}"
388,0.5648679678530425,8.9,SIGMOID,"{""type"":""MultiPoint"",""coordinates"":[]}"
389,0.563719862227325,9.0,SIGMOID,"{""type"":""MultiPoint"",""coordinates"":[]}"
390,0.5591274397244547,9.1,SIGMOID,"{""type"":""MultiPoint"",""coordinates"":[]}"
391,0.5591274397244547,9.2,SIGMOID,"{""type"":""MultiPoint"",""coordinates"":[]}"
392,0.5522388059701493,9.3,SIGMOID,"{""type"":""MultiPoint"",""coordinates"":[]}"
393,0.5499425947187141,9.4,SIGMOID,"{""type"":""MultiPoint"",""coordinates"":[]}"
394,0.5510907003444316,9.5,SIGMOID,"{""type"":""MultiPoint"",""coordinates"":[]}"
395,0.5510907003444316,9.6,SIGMOID,"{""type"":""MultiPoint"",""coordinates"":[]}"
396,0.5499425947187141,9.700000000000001,SIGMOID,"{""type"":""MultiPoint"",""coordinates"":[]}"
397,0.5522388059701493,9.8,SIGMOID,"{""type"":""MultiPoint"",""coordinates"":[]}"
398,0.5499425947187141,9.9,SIGMOID,"{""type"":""MultiPoint"",""coordinates"":[]}"
399,0.5533869115958668,10.0,SIGMOID,"{""type"":""MultiPoint"",""coordinates"":[]}"
